Velocity,relax_u,relax_p,Iterations for convergence,magnitude of velocity,res_ux,res_uy,res_p,reward
7.333000000000000185e+00,5.000000000000000000e-01,6.999999999999999556e-01,1.000000000000000000e+02,8.654299449920654297e+01,3.129069999999999855e-03,8.107420000000000598e-03,3.098000000000000059e-02,0.000000000000000000e+00
7.333000000000000185e+00,5.435651540756225586e-01,4.000000000000000222e-01,2.000000000000000000e+02,8.981518363952636719e+01,1.967270000000000130e-03,1.043660000000000074e-02,3.029779999999999973e-02,0.000000000000000000e+00
7.333000000000000185e+00,5.887061953544616699e-01,6.298674941062927246e-01,3.000000000000000000e+02,9.049802112579345703e+01,1.676189999999999928e-03,6.366919999999999871e-03,1.355360000000000072e-02,0.000000000000000000e+00
7.333000000000000185e+00,5.000000000000000000e-01,6.999999999999999556e-01,4.000000000000000000e+02,9.075478363037109375e+01,1.051950000000000064e-03,3.331499999999999826e-03,5.604650000000000083e-03,0.000000000000000000e+00
7.333000000000000185e+00,6.999999999999999556e-01,4.000000000000000222e-01,5.000000000000000000e+02,9.202648830413818359e+01,1.467189999999999944e-03,6.727470000000000151e-03,5.057749999999999746e-03,0.000000000000000000e+00
7.333000000000000185e+00,5.000000000000000000e-01,4.000000000000000222e-01,6.000000000000000000e+02,9.255396366119384766e+01,6.292789999999999495e-04,3.831730000000000205e-03,3.270939999999999959e-03,0.000000000000000000e+00
7.333000000000000185e+00,5.000000000000000000e-01,4.000000000000000222e-01,7.000000000000000000e+02,9.290164089202880859e+01,4.708350000000000144e-04,3.095479999999999846e-03,2.192079999999999897e-03,0.000000000000000000e+00
7.333000000000000185e+00,5.000000000000000000e-01,6.999999999999999556e-01,8.000000000000000000e+02,9.294508266448974609e+01,3.160850000000000205e-04,1.824789999999999962e-03,1.636539999999999913e-03,0.000000000000000000e+00
7.333000000000000185e+00,6.999999999999999556e-01,4.000000000000000222e-01,9.000000000000000000e+02,9.320946693420410156e+01,3.976009999999999766e-04,2.625549999999999932e-03,2.074990000000000081e-03,0.000000000000000000e+00
7.333000000000000185e+00,6.999999999999999556e-01,4.000000000000000222e-01,1.000000000000000000e+03,9.322231578826904297e+01,2.081580000000000084e-04,1.342950000000000090e-03,1.425679999999999916e-03,0.000000000000000000e+00
7.333000000000000185e+00,5.000000000000000000e-01,6.999999999999999556e-01,1.002000000000000000e+03,9.322336578369140625e+01,9.091530000000000011e-05,6.701329999999999483e-04,6.431039999999999847e-03,-1.002000000000000000e+03
7.333000000000000185e+00,5.694103240966796875e-01,4.000000000000000222e-01,1.000000000000000000e+02,8.788141822814941406e+01,3.226670000000000059e-03,8.228269999999999335e-03,4.092989999999999823e-02,0.000000000000000000e+00
7.333000000000000185e+00,5.000000000000000000e-01,4.000000000000000222e-01,2.000000000000000000e+02,9.007162857055664062e+01,1.456720000000000107e-03,7.120630000000000188e-03,1.825370000000000117e-02,0.000000000000000000e+00
7.333000000000000185e+00,5.000000000000000000e-01,4.000000000000000222e-01,3.000000000000000000e+02,9.055059242248535156e+01,1.164029999999999926e-03,4.556219999999999715e-03,1.122719999999999968e-02,0.000000000000000000e+00
7.333000000000000185e+00,5.000000000000000000e-01,4.000000000000000222e-01,4.000000000000000000e+02,9.071330738067626953e+01,1.071190000000000076e-03,3.315269999999999936e-03,5.035869999999999583e-03,0.000000000000000000e+00
7.333000000000000185e+00,6.999999999999999556e-01,6.999999999999999556e-01,5.000000000000000000e+02,9.190832233428955078e+01,1.480549999999999965e-03,6.794970000000000003e-03,2.501639999999999853e-03,0.000000000000000000e+00
7.333000000000000185e+00,5.000000000000000000e-01,4.000000000000000222e-01,6.000000000000000000e+02,9.244206619262695312e+01,6.559060000000000454e-04,3.853549999999999857e-03,3.199790000000000099e-03,0.000000000000000000e+00
7.333000000000000185e+00,5.000000000000000000e-01,4.000000000000000222e-01,7.000000000000000000e+02,9.281208801269531250e+01,5.416120000000000179e-04,3.561299999999999882e-03,2.422769999999999872e-03,0.000000000000000000e+00
7.333000000000000185e+00,5.000000000000000000e-01,4.000000000000000222e-01,8.000000000000000000e+02,9.286717414855957031e+01,4.027549999999999750e-04,2.428109999999999817e-03,1.968679999999999996e-03,0.000000000000000000e+00
7.333000000000000185e+00,5.000000000000000000e-01,4.000000000000000222e-01,9.000000000000000000e+02,9.302160358428955078e+01,2.570919999999999976e-04,1.593030000000000054e-03,1.529720000000000038e-03,0.000000000000000000e+00
7.333000000000000185e+00,5.000000000000000000e-01,6.999999999999999556e-01,1.000000000000000000e+03,9.318598365783691406e+01,2.144659999999999893e-04,1.457739999999999904e-03,1.350759999999999895e-03,0.000000000000000000e+00
7.333000000000000185e+00,5.000000000000000000e-01,4.000000000000000222e-01,1.100000000000000000e+03,9.321808433532714844e+01,1.454059999999999966e-04,1.374229999999999939e-03,1.509069999999999943e-03,0.000000000000000000e+00
7.333000000000000185e+00,5.000000000000000000e-01,4.000000000000000222e-01,1.145000000000000000e+03,9.320418834686279297e+01,1.229779999999999871e-04,9.958079999999999363e-04,1.048139999999999922e-03,-1.145000000000000000e+03
7.333000000000000185e+00,5.000000000000000000e-01,4.000000000000000222e-01,1.000000000000000000e+02,8.670424747467041016e+01,2.996210000000000019e-03,6.671879999999999825e-03,3.695570000000000105e-02,0.000000000000000000e+00
7.333000000000000185e+00,5.000000000000000000e-01,6.999999999999999556e-01,2.000000000000000000e+02,8.956024932861328125e+01,1.654510000000000095e-03,7.350980000000000014e-03,2.095320000000000168e-02,0.000000000000000000e+00
7.333000000000000185e+00,5.000000000000000000e-01,6.999999999999999556e-01,3.000000000000000000e+02,9.039856624603271484e+01,1.228300000000000095e-03,5.138379999999999684e-03,9.585760000000000461e-03,0.000000000000000000e+00
7.333000000000000185e+00,6.914796829223632812e-01,4.000000000000000222e-01,4.000000000000000000e+02,9.109167194366455078e+01,1.893359999999999965e-03,7.368610000000000264e-03,8.553210000000000326e-03,0.000000000000000000e+00
7.333000000000000185e+00,6.999999999999999556e-01,6.999999999999999556e-01,5.000000000000000000e+02,9.215498256683349609e+01,1.432279999999999968e-03,8.421349999999999322e-03,3.115259999999999904e-03,0.000000000000000000e+00
7.333000000000000185e+00,5.000000000000000000e-01,4.000000000000000222e-01,6.000000000000000000e+02,9.261610507965087891e+01,6.811319999999999831e-04,5.263490000000000009e-03,4.174040000000000389e-03,0.000000000000000000e+00
7.333000000000000185e+00,5.000000000000000000e-01,6.999999999999999556e-01,7.000000000000000000e+02,9.278581809997558594e+01,4.439530000000000234e-04,3.308670000000000101e-03,1.627669999999999898e-03,0.000000000000000000e+00
7.333000000000000185e+00,5.000000000000000000e-01,4.000000000000000222e-01,8.000000000000000000e+02,9.290430450439453125e+01,2.895020000000000210e-04,1.522740000000000074e-03,1.704110000000000000e-03,0.000000000000000000e+00
7.333000000000000185e+00,5.090035200119018555e-01,6.999999999999999556e-01,9.000000000000000000e+02,9.310445022583007812e+01,2.074129999999999876e-04,1.090679999999999905e-03,1.428980000000000051e-03,0.000000000000000000e+00
7.333000000000000185e+00,5.000000000000000000e-01,4.000000000000000222e-01,9.840000000000000000e+02,9.319959640502929688e+01,1.483669999999999976e-04,9.990549999999999951e-04,1.681149999999999962e-03,-9.840000000000000000e+02
7.333000000000000185e+00,6.999999999999999556e-01,4.000000000000000222e-01,1.000000000000000000e+02,9.039390563964843750e+01,3.402710000000000196e-03,1.346830000000000076e-02,2.752929999999999960e-02,0.000000000000000000e+00
7.333000000000000185e+00,5.000000000000000000e-01,4.000000000000000222e-01,2.000000000000000000e+02,9.095052909851074219e+01,1.175899999999999905e-03,4.595130000000000221e-03,1.029580000000000078e-02,0.000000000000000000e+00
7.333000000000000185e+00,6.999999999999999556e-01,4.000000000000000222e-01,3.000000000000000000e+02,9.154212856292724609e+01,1.781229999999999966e-03,8.052810000000000523e-03,6.134240000000000005e-03,0.000000000000000000e+00
7.333000000000000185e+00,5.000000000000000000e-01,4.000000000000000222e-01,4.000000000000000000e+02,9.204574298858642578e+01,6.686829999999999944e-04,3.638499999999999807e-03,2.944449999999999932e-03,0.000000000000000000e+00
7.333000000000000185e+00,5.000000000000000000e-01,4.000000000000000222e-01,5.000000000000000000e+02,9.263968849182128906e+01,6.971819999999999667e-04,4.239940000000000202e-03,3.862249999999999798e-03,0.000000000000000000e+00
7.333000000000000185e+00,5.000000000000000000e-01,4.000000000000000222e-01,6.000000000000000000e+02,9.288326168060302734e+01,5.724630000000000517e-04,3.674520000000000130e-03,2.524450000000000131e-03,0.000000000000000000e+00
7.333000000000000185e+00,6.999999999999999556e-01,4.000000000000000222e-01,7.000000000000000000e+02,9.316887474060058594e+01,7.025350000000000084e-04,3.873699999999999886e-03,2.612370000000000143e-03,0.000000000000000000e+00
7.333000000000000185e+00,5.000000000000000000e-01,6.999999999999999556e-01,8.000000000000000000e+02,9.319659233093261719e+01,2.301349999999999913e-04,1.923060000000000090e-03,1.289959999999999935e-03,0.000000000000000000e+00
7.333000000000000185e+00,6.999999999999999556e-01,6.999999999999999556e-01,8.980000000000000000e+02,9.324140167236328125e+01,2.029020000000000031e-04,9.900320000000000648e-04,1.541279999999999907e-03,-8.980000000000000000e+02
7.333000000000000185e+00,5.000000000000000000e-01,4.000000000000000222e-01,1.000000000000000000e+02,8.670424747467041016e+01,2.996210000000000019e-03,6.671879999999999825e-03,3.695570000000000105e-02,0.000000000000000000e+00
7.333000000000000185e+00,5.000000000000000000e-01,4.000000000000000222e-01,2.000000000000000000e+02,8.956010341644287109e+01,1.654110000000000085e-03,7.348949999999999927e-03,1.916810000000000042e-02,0.000000000000000000e+00
7.333000000000000185e+00,6.999999999999999556e-01,6.999999999999999556e-01,3.000000000000000000e+02,9.082926177978515625e+01,2.280550000000000112e-03,7.981089999999999712e-03,1.352620000000000038e-02,0.000000000000000000e+00
7.333000000000000185e+00,6.406913995742797852e-01,4.646912515163421631e-01,4.000000000000000000e+02,9.154562473297119141e+01,1.256979999999999990e-03,5.770250000000000205e-03,4.557069999999999871e-03,0.000000000000000000e+00
7.333000000000000185e+00,5.000000000000000000e-01,6.999999999999999556e-01,5.000000000000000000e+02,9.207833003997802734e+01,6.507149999999999523e-04,3.382959999999999960e-03,2.332310000000000199e-03,0.000000000000000000e+00
7.333000000000000185e+00,5.000000000000000000e-01,6.928399205207824707e-01,6.000000000000000000e+02,9.268591403961181641e+01,6.482330000000000123e-04,3.746030000000000020e-03,2.542179999999999787e-03,0.000000000000000000e+00
7.333000000000000185e+00,5.000000000000000000e-01,4.000000000000000222e-01,7.000000000000000000e+02,9.290652179718017578e+01,5.102260000000000172e-04,3.333529999999999913e-03,2.089839999999999927e-03,0.000000000000000000e+00
7.333000000000000185e+00,6.999999999999999556e-01,4.000000000000000222e-01,8.000000000000000000e+02,9.317839336395263672e+01,6.569889999999999671e-04,3.674010000000000123e-03,2.727890000000000176e-03,0.000000000000000000e+00
7.333000000000000185e+00,6.999999999999999556e-01,4.000000000000000222e-01,9.000000000000000000e+02,9.315986251831054688e+01,3.917950000000000122e-04,2.339579999999999958e-03,1.869100000000000058e-03,0.000000000000000000e+00
7.333000000000000185e+00,5.000000000000000000e-01,4.000000000000000222e-01,9.700000000000000000e+02,9.321422195434570312e+01,1.426809999999999982e-04,9.972670000000000319e-04,1.460530000000000031e-03,-9.700000000000000000e+02
7.333000000000000185e+00,5.000000000000000000e-01,6.144680976867675781e-01,1.000000000000000000e+02,8.659820365905761719e+01,3.078930000000000122e-03,7.696999999999999849e-03,3.078979999999999911e-02,0.000000000000000000e+00
7.333000000000000185e+00,5.000000000000000000e-01,4.000000000000000222e-01,2.000000000000000000e+02,8.957712078094482422e+01,1.731880000000000095e-03,8.609860000000000430e-03,3.255949999999999817e-02,0.000000000000000000e+00
7.333000000000000185e+00,5.000000000000000000e-01,6.999999999999999556e-01,3.000000000000000000e+02,9.036512947082519531e+01,1.282420000000000044e-03,5.612530000000000123e-03,1.406239999999999921e-02,0.000000000000000000e+00
7.333000000000000185e+00,5.000000000000000000e-01,4.000000000000000222e-01,4.000000000000000000e+02,9.052759265899658203e+01,1.148900000000000008e-03,3.754770000000000156e-03,8.548740000000000852e-03,0.000000000000000000e+00
7.333000000000000185e+00,5.000000000000000000e-01,4.000000000000000222e-01,5.000000000000000000e+02,9.092915153503417969e+01,9.666380000000000241e-04,2.961650000000000133e-03,4.963549999999999733e-03,0.000000000000000000e+00
7.333000000000000185e+00,6.440945267677307129e-01,4.000000000000000222e-01,6.000000000000000000e+02,9.206419086456298828e+01,1.103699999999999994e-03,4.264089999999999894e-03,3.430139999999999925e-03,0.000000000000000000e+00
7.333000000000000185e+00,6.999999999999999556e-01,4.000000000000000222e-01,7.000000000000000000e+02,9.286801242828369141e+01,8.189690000000000121e-04,5.198440000000000352e-03,3.487880000000000060e-03,0.000000000000000000e+00
7.333000000000000185e+00,6.999999999999999556e-01,4.000000000000000222e-01,8.000000000000000000e+02,9.314550018310546875e+01,4.566029999999999785e-04,2.213600000000000029e-03,1.925580000000000087e-03,0.000000000000000000e+00
7.333000000000000185e+00,5.000000000000000000e-01,4.000000000000000222e-01,8.080000000000000000e+02,9.315435791015625000e+01,1.884780000000000071e-04,9.240249999999999766e-04,2.851760000000000059e-03,-8.080000000000000000e+02
7.333000000000000185e+00,5.000000000000000000e-01,4.000000000000000222e-01,1.000000000000000000e+02,8.670424747467041016e+01,2.996210000000000019e-03,6.671879999999999825e-03,3.695570000000000105e-02,0.000000000000000000e+00
7.333000000000000185e+00,6.999999999999999556e-01,4.000000000000000222e-01,2.000000000000000000e+02,9.066980552673339844e+01,2.475359999999999800e-03,1.037599999999999981e-02,2.302370000000000111e-02,0.000000000000000000e+00
7.333000000000000185e+00,6.999999999999999556e-01,4.000000000000000222e-01,3.000000000000000000e+02,9.140558338165283203e+01,1.652119999999999977e-03,7.380740000000000217e-03,9.256709999999999591e-03,0.000000000000000000e+00
7.333000000000000185e+00,5.000000000000000000e-01,6.965619921684265137e-01,4.000000000000000000e+02,9.184023284912109375e+01,6.266779999999999790e-04,2.978300000000000131e-03,2.543539999999999950e-03,0.000000000000000000e+00
7.333000000000000185e+00,5.212111473083496094e-01,6.999999999999999556e-01,5.000000000000000000e+02,9.246553230285644531e+01,6.196249999999999501e-04,3.297469999999999828e-03,2.411739999999999891e-03,0.000000000000000000e+00
7.333000000000000185e+00,5.000000000000000000e-01,4.000000000000000222e-01,6.000000000000000000e+02,9.291296768188476562e+01,4.388920000000000256e-04,2.458890000000000034e-03,2.101710000000000123e-03,0.000000000000000000e+00
7.333000000000000185e+00,5.000000000000000000e-01,4.000000000000000222e-01,7.000000000000000000e+02,9.300555896759033203e+01,2.762080000000000091e-04,1.772989999999999896e-03,1.493299999999999923e-03,0.000000000000000000e+00
7.333000000000000185e+00,5.000000000000000000e-01,4.000000000000000222e-01,8.000000000000000000e+02,9.312164211273193359e+01,1.883599999999999923e-04,1.144000000000000052e-03,1.202299999999999897e-03,0.000000000000000000e+00
7.333000000000000185e+00,5.000000000000000000e-01,6.999999999999999556e-01,8.510000000000000000e+02,9.318614101409912109e+01,1.650459999999999915e-04,9.976290000000000938e-04,1.187190000000000077e-03,-8.510000000000000000e+02
7.333000000000000185e+00,5.584911108016967773e-01,4.000000000000000222e-01,1.000000000000000000e+02,8.768403911590576172e+01,3.204450000000000180e-03,7.967230000000000492e-03,4.356449999999999906e-02,0.000000000000000000e+00
7.333000000000000185e+00,5.000000000000000000e-01,4.000000000000000222e-01,2.000000000000000000e+02,8.999404335021972656e+01,1.490559999999999932e-03,7.202540000000000331e-03,1.969450000000000020e-02,0.000000000000000000e+00
7.333000000000000185e+00,6.999999999999999556e-01,4.000000000000000222e-01,3.000000000000000000e+02,9.094316196441650391e+01,2.165729999999999825e-03,7.755839999999999956e-03,1.541099999999999935e-02,0.000000000000000000e+00
7.333000000000000185e+00,5.872876048088073730e-01,6.999999999999999556e-01,4.000000000000000000e+02,9.153267574310302734e+01,1.000360000000000051e-03,4.413620000000000043e-03,2.503029999999999838e-03,0.000000000000000000e+00
7.333000000000000185e+00,6.999999999999999556e-01,4.000000000000000222e-01,5.000000000000000000e+02,9.258066272735595703e+01,1.287399999999999959e-03,7.547739999999999831e-03,5.116380000000000233e-03,0.000000000000000000e+00
7.333000000000000185e+00,5.000000000000000000e-01,4.000000000000000222e-01,6.000000000000000000e+02,9.283524227142333984e+01,4.597210000000000120e-04,3.318639999999999871e-03,2.575239999999999908e-03,0.000000000000000000e+00
7.333000000000000185e+00,5.000000000000000000e-01,6.999999999999999556e-01,7.000000000000000000e+02,9.293127250671386719e+01,2.907009999999999803e-04,1.518940000000000090e-03,1.385359999999999977e-03,0.000000000000000000e+00
7.333000000000000185e+00,6.999999999999999556e-01,4.000000000000000222e-01,7.520000000000000000e+02,9.313191604614257812e+01,3.441599999999999846e-04,9.871470000000000678e-04,1.537210000000000009e-03,-7.520000000000000000e+02
7.333000000000000185e+00,5.000000000000000000e-01,4.000000000000000222e-01,1.000000000000000000e+02,8.670424747467041016e+01,2.996210000000000019e-03,6.671879999999999825e-03,3.695570000000000105e-02,0.000000000000000000e+00
7.333000000000000185e+00,5.000000000000000000e-01,4.000000000000000222e-01,2.000000000000000000e+02,8.956010341644287109e+01,1.654110000000000085e-03,7.348949999999999927e-03,1.916810000000000042e-02,0.000000000000000000e+00
7.333000000000000185e+00,5.000000000000000000e-01,4.000000000000000222e-01,3.000000000000000000e+02,9.039848899841308594e+01,1.229110000000000055e-03,5.141810000000000130e-03,1.076850000000000029e-02,0.000000000000000000e+00
7.333000000000000185e+00,6.999999999999999556e-01,4.000000000000000222e-01,4.000000000000000000e+02,9.113778305053710938e+01,1.926659999999999961e-03,7.688940000000000011e-03,8.662859999999999658e-03,0.000000000000000000e+00
7.333000000000000185e+00,5.000000000000000000e-01,4.000000000000000222e-01,5.000000000000000000e+02,9.164597225189208984e+01,6.959660000000000108e-04,3.239430000000000174e-03,2.736650000000000194e-03,0.000000000000000000e+00
7.333000000000000185e+00,6.999999999999999556e-01,4.000000000000000222e-01,6.000000000000000000e+02,9.271199226379394531e+01,1.359109999999999962e-03,8.481920000000000431e-03,5.615030000000000021e-03,0.000000000000000000e+00
7.333000000000000185e+00,6.442288756370544434e-01,4.000000000000000222e-01,7.000000000000000000e+02,9.290459060668945312e+01,6.969549999999999704e-04,4.065499999999999670e-03,2.586020000000000072e-03,0.000000000000000000e+00
7.333000000000000185e+00,5.000000000000000000e-01,4.000000000000000222e-01,8.000000000000000000e+02,9.311863803863525391e+01,2.471379999999999909e-04,1.543529999999999989e-03,1.709879999999999994e-03,0.000000000000000000e+00
7.333000000000000185e+00,6.999999999999999556e-01,4.000000000000000222e-01,8.660000000000000000e+02,9.319973373413085938e+01,1.629040000000000110e-04,9.904469999999999854e-04,1.293209999999999932e-03,-8.660000000000000000e+02
7.333000000000000185e+00,6.999999999999999556e-01,6.999999999999999556e-01,1.000000000000000000e+02,9.047930145263671875e+01,3.722469999999999859e-03,1.753160000000000135e-02,2.072540000000000146e-02,0.000000000000000000e+00
7.333000000000000185e+00,5.000000000000000000e-01,4.000000000000000222e-01,2.000000000000000000e+02,9.097129154205322266e+01,1.224920000000000002e-03,5.112420000000000332e-03,1.052529999999999959e-02,0.000000000000000000e+00
7.333000000000000185e+00,6.999999999999999556e-01,4.000000000000000222e-01,3.000000000000000000e+02,9.157474708557128906e+01,1.772450000000000067e-03,7.628829999999999639e-03,1.105120000000000061e-02,0.000000000000000000e+00
7.333000000000000185e+00,5.000000000000000000e-01,4.000000000000000222e-01,4.000000000000000000e+02,9.211998653411865234e+01,6.369379999999999790e-04,3.357999999999999874e-03,3.323689999999999804e-03,0.000000000000000000e+00
7.333000000000000185e+00,6.999999999999999556e-01,6.999999999999999556e-01,5.000000000000000000e+02,9.295306205749511719e+01,1.237760000000000075e-03,7.462800000000000336e-03,3.716339999999999835e-03,0.000000000000000000e+00
7.333000000000000185e+00,5.000000000000000000e-01,4.000000000000000222e-01,6.000000000000000000e+02,9.301600742340087891e+01,4.203020000000000020e-04,2.156610000000000211e-03,2.226500000000000180e-03,0.000000000000000000e+00
7.333000000000000185e+00,5.000000000000000000e-01,6.999999999999999556e-01,7.000000000000000000e+02,9.319050979614257812e+01,2.314659999999999960e-04,1.270349999999999951e-03,1.607450000000000068e-03,0.000000000000000000e+00
7.333000000000000185e+00,5.000000000000000000e-01,4.000000000000000222e-01,8.000000000000000000e+02,9.322754573822021484e+01,1.299569999999999892e-04,1.200220000000000106e-03,1.316729999999999897e-03,0.000000000000000000e+00
7.333000000000000185e+00,5.000000000000000000e-01,4.000000000000000222e-01,8.290000000000000000e+02,9.321805572509765625e+01,1.128209999999999960e-04,9.971660000000000679e-04,1.051609999999999915e-03,-8.290000000000000000e+02
7.333000000000000185e+00,5.000000000000000000e-01,4.000000000000000222e-01,1.000000000000000000e+02,8.670424747467041016e+01,2.996210000000000019e-03,6.671879999999999825e-03,3.695570000000000105e-02,0.000000000000000000e+00
7.333000000000000185e+00,5.000000000000000000e-01,4.000000000000000222e-01,2.000000000000000000e+02,8.956010341644287109e+01,1.654110000000000085e-03,7.348949999999999927e-03,1.916810000000000042e-02,0.000000000000000000e+00
7.333000000000000185e+00,5.000000000000000000e-01,5.558872222900390625e-01,3.000000000000000000e+02,9.039833450317382812e+01,1.229290000000000070e-03,5.144130000000000230e-03,9.781339999999999479e-03,0.000000000000000000e+00
7.333000000000000185e+00,5.000000000000000000e-01,6.999999999999999556e-01,4.000000000000000000e+02,9.057213306427001953e+01,1.117750000000000037e-03,3.627260000000000206e-03,4.764830000000000280e-03,0.000000000000000000e+00
7.333000000000000185e+00,6.999999999999999556e-01,4.000000000000000222e-01,5.000000000000000000e+02,9.166489505767822266e+01,1.594130000000000026e-03,7.239909999999999575e-03,8.876290000000000222e-03,0.000000000000000000e+00
7.333000000000000185e+00,5.000000000000000000e-01,6.999999999999999556e-01,6.000000000000000000e+02,9.221723842620849609e+01,6.956949999999999723e-04,3.869440000000000032e-03,2.176019999999999864e-03,0.000000000000000000e+00
7.333000000000000185e+00,5.000000000000000000e-01,4.000000000000000222e-01,7.000000000000000000e+02,9.271500778198242188e+01,6.405340000000000035e-04,4.092239999999999593e-03,3.044859999999999928e-03,0.000000000000000000e+00
7.333000000000000185e+00,6.999999999999999556e-01,4.000000000000000222e-01,8.000000000000000000e+02,9.305795574188232422e+01,9.125570000000000383e-04,5.329600000000000309e-03,3.710189999999999929e-03,0.000000000000000000e+00
7.333000000000000185e+00,5.000000000000000000e-01,4.000000000000000222e-01,9.000000000000000000e+02,9.319305324554443359e+01,3.185199999999999794e-04,1.990959999999999952e-03,1.850979999999999900e-03,0.000000000000000000e+00
7.333000000000000185e+00,5.000000000000000000e-01,4.000000000000000222e-01,1.000000000000000000e+03,9.320926380157470703e+01,2.218660000000000066e-04,1.999599999999999815e-03,1.877329999999999971e-03,0.000000000000000000e+00
7.333000000000000185e+00,5.000000000000000000e-01,4.000000000000000222e-01,1.082000000000000000e+03,9.317822456359863281e+01,1.525829999999999992e-04,9.921120000000000719e-04,1.128859999999999976e-03,-1.082000000000000000e+03
7.333000000000000185e+00,6.999999999999999556e-01,4.868595302104949951e-01,1.000000000000000000e+02,9.041711711883544922e+01,3.487179999999999881e-03,1.438500000000000022e-02,2.245909999999999920e-02,0.000000000000000000e+00
7.333000000000000185e+00,6.999999999999999556e-01,6.999999999999999556e-01,2.000000000000000000e+02,9.131482028961181641e+01,2.078249999999999802e-03,8.031889999999999863e-03,6.540449999999999736e-03,0.000000000000000000e+00
7.333000000000000185e+00,6.999999999999999556e-01,6.999999999999999556e-01,3.000000000000000000e+02,9.217263793945312500e+01,1.303179999999999920e-03,7.628099999999999638e-03,3.766119999999999971e-03,0.000000000000000000e+00
7.333000000000000185e+00,5.000000000000000000e-01,4.000000000000000222e-01,4.000000000000000000e+02,9.262707996368408203e+01,5.917439999999999506e-04,4.209769999999999832e-03,3.444539999999999842e-03,0.000000000000000000e+00
7.333000000000000185e+00,6.364001631736755371e-01,4.000000000000000222e-01,5.000000000000000000e+02,9.297400474548339844e+01,7.554330000000000159e-04,4.626380000000000249e-03,3.234780000000000034e-03,0.000000000000000000e+00
7.333000000000000185e+00,6.999999999999999556e-01,4.000000000000000222e-01,6.000000000000000000e+02,9.322191238403320312e+01,5.212259999999999593e-04,3.059430000000000135e-03,2.355970000000000199e-03,0.000000000000000000e+00
7.333000000000000185e+00,5.000000000000000000e-01,6.999999999999999556e-01,7.000000000000000000e+02,9.319721317291259766e+01,1.683199999999999876e-04,1.325610000000000070e-03,1.211499999999999903e-03,0.000000000000000000e+00
7.333000000000000185e+00,6.999999999999999556e-01,4.000000000000000222e-01,7.680000000000000000e+02,9.322440433502197266e+01,1.730389999999999945e-04,9.997459999999999247e-04,1.219679999999999896e-03,-7.680000000000000000e+02
7.333000000000000185e+00,6.999999999999999556e-01,4.000000000000000222e-01,1.000000000000000000e+02,9.039390563964843750e+01,3.402710000000000196e-03,1.346830000000000076e-02,2.752929999999999960e-02,0.000000000000000000e+00
7.333000000000000185e+00,5.000000000000000000e-01,4.000000000000000222e-01,2.000000000000000000e+02,9.095052909851074219e+01,1.175899999999999905e-03,4.595130000000000221e-03,1.029580000000000078e-02,0.000000000000000000e+00
7.333000000000000185e+00,5.000000000000000000e-01,4.000000000000000222e-01,3.000000000000000000e+02,9.100334930419921875e+01,1.091299999999999909e-03,3.427449999999999854e-03,5.431639999999999732e-03,0.000000000000000000e+00
7.333000000000000185e+00,5.000000000000000000e-01,4.000000000000000222e-01,4.000000000000000000e+02,9.138084125518798828e+01,8.704809999999999891e-04,2.904889999999999816e-03,3.939220000000000221e-03,0.000000000000000000e+00
7.333000000000000185e+00,5.000000000000000000e-01,6.999999999999999556e-01,5.000000000000000000e+02,9.204349994659423828e+01,6.594310000000000362e-04,2.915790000000000135e-03,2.289269999999999933e-03,0.000000000000000000e+00
7.333000000000000185e+00,5.000000000000000000e-01,6.267865896224975586e-01,6.000000000000000000e+02,9.266279125213623047e+01,4.654589999999999899e-04,2.551020000000000197e-03,2.078689999999999791e-03,0.000000000000000000e+00
7.333000000000000185e+00,5.000000000000000000e-01,4.000000000000000222e-01,7.000000000000000000e+02,9.295594596862792969e+01,3.666899999999999739e-04,2.270719999999999943e-03,1.689020000000000061e-03,0.000000000000000000e+00
7.333000000000000185e+00,5.000000000000000000e-01,4.000000000000000222e-01,8.000000000000000000e+02,9.302142906188964844e+01,2.411199999999999954e-04,1.499930000000000013e-03,1.637839999999999999e-03,0.000000000000000000e+00
7.333000000000000185e+00,5.000000000000000000e-01,4.000000000000000222e-01,9.000000000000000000e+02,9.316001987457275391e+01,1.847449999999999939e-04,1.135939999999999997e-03,1.324180000000000105e-03,0.000000000000000000e+00
7.333000000000000185e+00,6.999999999999999556e-01,4.000000000000000222e-01,1.000000000000000000e+03,9.322244739532470703e+01,2.446269999999999738e-04,1.629229999999999958e-03,1.493149999999999946e-03,0.000000000000000000e+00
7.333000000000000185e+00,5.000000000000000000e-01,4.000000000000000222e-01,1.003000000000000000e+03,9.322308826446533203e+01,1.061089999999999966e-04,7.679709999999999965e-04,6.219439999999999691e-03,-1.003000000000000000e+03
7.333000000000000185e+00,6.999999999999999556e-01,6.999999999999999556e-01,1.000000000000000000e+02,9.047930145263671875e+01,3.722469999999999859e-03,1.753160000000000135e-02,2.072540000000000146e-02,0.000000000000000000e+00
7.333000000000000185e+00,6.999999999999999556e-01,4.000000000000000222e-01,2.000000000000000000e+02,9.130775928497314453e+01,2.191530000000000127e-03,7.871869999999999562e-03,1.107280000000000070e-02,0.000000000000000000e+00
7.333000000000000185e+00,5.000000000000000000e-01,4.000000000000000222e-01,3.000000000000000000e+02,9.167871665954589844e+01,7.771949999999999475e-04,3.116030000000000102e-03,3.275989999999999892e-03,0.000000000000000000e+00
7.333000000000000185e+00,6.122125983238220215e-01,4.000000000000000222e-01,4.000000000000000000e+02,9.247814941406250000e+01,8.466959999999999721e-04,4.508029999999999676e-03,3.945119999999999877e-03,0.000000000000000000e+00
7.333000000000000185e+00,6.999999999999999556e-01,4.000000000000000222e-01,5.000000000000000000e+02,9.303368854522705078e+01,7.082110000000000401e-04,3.967459999999999910e-03,2.786090000000000181e-03,0.000000000000000000e+00
7.333000000000000185e+00,5.000000000000000000e-01,6.999999999999999556e-01,6.000000000000000000e+02,9.313762664794921875e+01,2.164860000000000005e-04,1.251219999999999936e-03,1.288279999999999937e-03,0.000000000000000000e+00
7.333000000000000185e+00,5.000000000000000000e-01,4.000000000000000222e-01,6.130000000000000000e+02,9.315467548370361328e+01,1.987120000000000043e-04,9.854460000000000650e-04,1.294440000000000000e-03,-6.130000000000000000e+02
7.333000000000000185e+00,5.000000000000000000e-01,4.000000000000000222e-01,1.000000000000000000e+02,8.670424747467041016e+01,2.996210000000000019e-03,6.671879999999999825e-03,3.695570000000000105e-02,0.000000000000000000e+00
7.333000000000000185e+00,5.000000000000000000e-01,4.000000000000000222e-01,2.000000000000000000e+02,8.956010341644287109e+01,1.654110000000000085e-03,7.348949999999999927e-03,1.916810000000000042e-02,0.000000000000000000e+00
7.333000000000000185e+00,5.000000000000000000e-01,4.572016596794128418e-01,3.000000000000000000e+02,9.039842033386230469e+01,1.229239999999999933e-03,5.142879999999999847e-03,1.022720000000000053e-02,0.000000000000000000e+00
7.333000000000000185e+00,6.999999999999999556e-01,4.000000000000000222e-01,4.000000000000000000e+02,9.113789749145507812e+01,1.926159999999999895e-03,7.680750000000000077e-03,9.142749999999999835e-03,0.000000000000000000e+00
7.333000000000000185e+00,5.000000000000000000e-01,5.236469507217407227e-01,5.000000000000000000e+02,9.164592933654785156e+01,6.950870000000000486e-04,3.234680000000000194e-03,2.121409999999999789e-03,0.000000000000000000e+00
7.333000000000000185e+00,5.000000000000000000e-01,4.000000000000000222e-01,6.000000000000000000e+02,9.231054496765136719e+01,6.936380000000000020e-04,3.822560000000000020e-03,3.642779999999999976e-03,0.000000000000000000e+00
7.333000000000000185e+00,6.999999999999999556e-01,4.000000000000000222e-01,7.000000000000000000e+02,9.295112514495849609e+01,1.261109999999999965e-03,6.266270000000000000e-03,4.368040000000000117e-03,0.000000000000000000e+00
7.333000000000000185e+00,5.000000000000000000e-01,4.000000000000000222e-01,8.000000000000000000e+02,9.310005855560302734e+01,4.029750000000000237e-04,2.054980000000000088e-03,2.304580000000000083e-03,0.000000000000000000e+00
7.333000000000000185e+00,5.000000000000000000e-01,4.000000000000000222e-01,9.000000000000000000e+02,9.322464179992675781e+01,2.693060000000000267e-04,1.945279999999999969e-03,1.965339999999999882e-03,0.000000000000000000e+00
7.333000000000000185e+00,5.000000000000000000e-01,6.655968427658081055e-01,1.000000000000000000e+03,9.320507240295410156e+01,1.789510000000000016e-04,1.561150000000000081e-03,1.580369999999999995e-03,0.000000000000000000e+00
7.333000000000000185e+00,5.000000000000000000e-01,6.999999999999999556e-01,1.048000000000000000e+03,9.318897914886474609e+01,1.403029999999999881e-04,9.999360000000000973e-04,1.550830000000000004e-03,-1.048000000000000000e+03
7.333000000000000185e+00,5.000000000000000000e-01,4.000000000000000222e-01,1.000000000000000000e+02,8.670424747467041016e+01,2.996210000000000019e-03,6.671879999999999825e-03,3.695570000000000105e-02,0.000000000000000000e+00
7.333000000000000185e+00,5.259830951690673828e-01,4.000000000000000222e-01,2.000000000000000000e+02,8.972485828399658203e+01,1.769519999999999904e-03,8.055899999999999520e-03,2.626200000000000062e-02,0.000000000000000000e+00
7.333000000000000185e+00,5.000000000000000000e-01,4.000000000000000222e-01,3.000000000000000000e+02,9.043880939483642578e+01,1.204060000000000069e-03,4.957450000000000398e-03,1.236770000000000057e-02,0.000000000000000000e+00
7.333000000000000185e+00,5.000000000000000000e-01,6.999999999999999556e-01,4.000000000000000000e+02,9.060241699218750000e+01,1.104490000000000072e-03,3.532630000000000145e-03,7.289969999999999783e-03,0.000000000000000000e+00
7.333000000000000185e+00,6.999999999999999556e-01,4.000000000000000222e-01,5.000000000000000000e+02,9.172483062744140625e+01,1.561939999999999943e-03,7.158590000000000265e-03,4.672530000000000260e-03,0.000000000000000000e+00
7.333000000000000185e+00,5.000000000000000000e-01,6.999999999999999556e-01,6.000000000000000000e+02,9.227426147460937500e+01,6.916230000000000424e-04,3.920530000000000195e-03,2.344189999999999902e-03,0.000000000000000000e+00
7.333000000000000185e+00,5.000000000000000000e-01,6.999999999999999556e-01,7.000000000000000000e+02,9.274059104919433594e+01,6.186590000000000275e-04,4.001760000000000039e-03,2.259610000000000004e-03,0.000000000000000000e+00
7.333000000000000185e+00,5.000000000000000000e-01,4.000000000000000222e-01,8.000000000000000000e+02,9.282473087310791016e+01,4.868299999999999993e-04,3.067709999999999968e-03,1.923999999999999929e-03,0.000000000000000000e+00
7.333000000000000185e+00,5.000000000000000000e-01,4.000000000000000222e-01,9.000000000000000000e+02,9.295670986175537109e+01,2.915260000000000139e-04,1.872179999999999981e-03,1.572800000000000066e-03,0.000000000000000000e+00
7.333000000000000185e+00,6.999999999999999556e-01,4.000000000000000222e-01,1.000000000000000000e+03,9.319712162017822266e+01,4.832160000000000166e-04,3.652990000000000057e-03,2.809589999999999831e-03,0.000000000000000000e+00
7.333000000000000185e+00,5.000000000000000000e-01,4.000000000000000222e-01,1.100000000000000000e+03,9.320309543609619141e+01,1.666030000000000039e-04,1.215219999999999929e-03,1.272040000000000106e-03,0.000000000000000000e+00
7.333000000000000185e+00,5.000000000000000000e-01,6.999999999999999556e-01,1.126000000000000000e+03,9.321888828277587891e+01,1.375170000000000049e-04,9.903509999999999917e-04,1.170110000000000030e-03,-1.126000000000000000e+03
7.333000000000000185e+00,5.000000000000000000e-01,6.999999999999999556e-01,1.000000000000000000e+02,8.654299449920654297e+01,3.129069999999999855e-03,8.107420000000000598e-03,3.098000000000000059e-02,0.000000000000000000e+00
7.333000000000000185e+00,5.000000000000000000e-01,4.000000000000000222e-01,2.000000000000000000e+02,8.955951690673828125e+01,1.770599999999999995e-03,9.135449999999999821e-03,3.216519999999999796e-02,0.000000000000000000e+00
7.333000000000000185e+00,6.064049005508422852e-01,4.000000000000000222e-01,3.000000000000000000e+02,9.048874568939208984e+01,1.813649999999999984e-03,6.975389999999999716e-03,1.873330000000000134e-02,0.000000000000000000e+00
7.333000000000000185e+00,5.000000000000000000e-01,6.402992010116577148e-01,4.000000000000000000e+02,9.073933410644531250e+01,1.066270000000000022e-03,3.369700000000000212e-03,4.485880000000000249e-03,0.000000000000000000e+00
7.333000000000000185e+00,5.998811721801757812e-01,4.000000000000000222e-01,5.000000000000000000e+02,9.155581283569335938e+01,1.123950000000000079e-03,4.167419999999999805e-03,4.029989999999999788e-03,0.000000000000000000e+00
7.333000000000000185e+00,6.999999999999999556e-01,5.143543481826782227e-01,6.000000000000000000e+02,9.269589614868164062e+01,1.169029999999999939e-03,6.208830000000000252e-03,3.627270000000000147e-03,0.000000000000000000e+00
7.333000000000000185e+00,5.000000000000000000e-01,4.000000000000000222e-01,7.000000000000000000e+02,9.290431594848632812e+01,3.499849999999999771e-04,2.502760000000000141e-03,2.441880000000000005e-03,0.000000000000000000e+00
7.333000000000000185e+00,5.149573087692260742e-01,6.999999999999999556e-01,8.000000000000000000e+02,9.302078819274902344e+01,2.165889999999999959e-04,1.088430000000000040e-03,1.120349999999999992e-03,0.000000000000000000e+00
7.333000000000000185e+00,5.000000000000000000e-01,4.000000000000000222e-01,8.030000000000000000e+02,9.302580070495605469e+01,1.990419999999999961e-04,9.970420000000000671e-04,1.725600000000000094e-03,-8.030000000000000000e+02
7.333000000000000185e+00,5.000000000000000000e-01,4.000000000000000222e-01,1.000000000000000000e+02,8.670424747467041016e+01,2.996210000000000019e-03,6.671879999999999825e-03,3.695570000000000105e-02,0.000000000000000000e+00
7.333000000000000185e+00,5.000000000000000000e-01,6.999999999999999556e-01,2.000000000000000000e+02,8.956024932861328125e+01,1.654510000000000095e-03,7.350980000000000014e-03,2.095320000000000168e-02,0.000000000000000000e+00
7.333000000000000185e+00,5.000000000000000000e-01,4.000000000000000222e-01,3.000000000000000000e+02,9.039882659912109375e+01,1.227870000000000046e-03,5.135119999999999962e-03,1.301010000000000014e-02,0.000000000000000000e+00
7.333000000000000185e+00,6.999999999999999556e-01,4.000000000000000222e-01,4.000000000000000000e+02,9.113790893554687500e+01,1.930880000000000053e-03,7.699270000000000246e-03,1.098889999999999936e-02,0.000000000000000000e+00
7.333000000000000185e+00,6.757531762123107910e-01,4.000000000000000222e-01,5.000000000000000000e+02,9.210735511779785156e+01,1.288300000000000035e-03,7.749319999999999646e-03,5.062579999999999684e-03,0.000000000000000000e+00
7.333000000000000185e+00,5.000000000000000000e-01,4.000000000000000222e-01,6.000000000000000000e+02,9.259780311584472656e+01,6.768559999999999854e-04,5.290930000000000112e-03,4.047460000000000120e-03,0.000000000000000000e+00
7.333000000000000185e+00,5.000000000000000000e-01,6.999999999999999556e-01,7.000000000000000000e+02,9.278932571411132812e+01,4.652449999999999815e-04,3.569039999999999886e-03,1.734569999999999949e-03,0.000000000000000000e+00
7.333000000000000185e+00,5.000000000000000000e-01,6.251048445701599121e-01,8.000000000000000000e+02,9.289627933502197266e+01,3.082189999999999843e-04,1.691599999999999918e-03,1.475980000000000000e-03,0.000000000000000000e+00
7.333000000000000185e+00,5.000000000000000000e-01,6.999999999999999556e-01,9.000000000000000000e+02,9.309774684906005859e+01,2.151850000000000073e-04,1.161579999999999948e-03,1.088809999999999951e-03,0.000000000000000000e+00
7.333000000000000185e+00,5.000000000000000000e-01,6.999999999999999556e-01,1.000000000000000000e+03,9.320929241180419922e+01,1.511189999999999875e-04,1.088170000000000066e-03,1.461730000000000061e-03,0.000000000000000000e+00
7.333000000000000185e+00,5.000000000000000000e-01,4.000000000000000222e-01,1.074000000000000000e+03,9.321489143371582031e+01,1.075679999999999974e-04,9.988609999999999763e-04,1.152709999999999933e-03,-1.074000000000000000e+03
7.333000000000000185e+00,5.000000000000000000e-01,4.000000000000000222e-01,1.000000000000000000e+02,8.670424747467041016e+01,2.996210000000000019e-03,6.671879999999999825e-03,3.695570000000000105e-02,0.000000000000000000e+00
7.333000000000000185e+00,5.000000000000000000e-01,4.000000000000000222e-01,2.000000000000000000e+02,8.956010341644287109e+01,1.654110000000000085e-03,7.348949999999999927e-03,1.916810000000000042e-02,0.000000000000000000e+00
7.333000000000000185e+00,5.000000000000000000e-01,6.999999999999999556e-01,3.000000000000000000e+02,9.039823722839355469e+01,1.229290000000000070e-03,5.144720000000000196e-03,9.310090000000000032e-03,0.000000000000000000e+00
7.333000000000000185e+00,6.999999999999999556e-01,4.000000000000000222e-01,4.000000000000000000e+02,9.113798904418945312e+01,1.926039999999999957e-03,7.681300000000000280e-03,9.143490000000000645e-03,0.000000000000000000e+00
7.333000000000000185e+00,5.000000000000000000e-01,4.000000000000000222e-01,5.000000000000000000e+02,9.164604091644287109e+01,6.952030000000000319e-04,3.234519999999999843e-03,2.542770000000000186e-03,0.000000000000000000e+00
7.333000000000000185e+00,5.000000000000000000e-01,4.737797379493713379e-01,6.000000000000000000e+02,9.231069087982177734e+01,6.938549999999999492e-04,3.821870000000000215e-03,3.448220000000000104e-03,0.000000000000000000e+00
7.333000000000000185e+00,6.999999999999999556e-01,4.000000000000000222e-01,7.000000000000000000e+02,9.295111656188964844e+01,1.261479999999999936e-03,6.268420000000000242e-03,4.432320000000000010e-03,0.000000000000000000e+00
7.333000000000000185e+00,5.000000000000000000e-01,4.000000000000000222e-01,8.000000000000000000e+02,9.310006713867187500e+01,4.030370000000000241e-04,2.054429999999999885e-03,2.405469999999999831e-03,0.000000000000000000e+00
7.333000000000000185e+00,5.000000000000000000e-01,4.000000000000000222e-01,9.000000000000000000e+02,9.322466754913330078e+01,2.695570000000000214e-04,1.947270000000000077e-03,1.886520000000000037e-03,0.000000000000000000e+00
7.333000000000000185e+00,5.000000000000000000e-01,6.999999999999999556e-01,1.000000000000000000e+03,9.320507526397705078e+01,1.789569999999999876e-04,1.561080000000000063e-03,1.195960000000000035e-03,0.000000000000000000e+00
7.333000000000000185e+00,6.999999999999999556e-01,6.999999999999999556e-01,1.100000000000000000e+03,9.324123859405517578e+01,1.832030000000000008e-04,1.197310000000000041e-03,1.336450000000000094e-03,0.000000000000000000e+00
7.333000000000000185e+00,5.000000000000000000e-01,4.000000000000000222e-01,1.103000000000000000e+03,9.324095821380615234e+01,7.944220000000000318e-05,5.772820000000000338e-04,6.536819999999999610e-03,-1.103000000000000000e+03
7.333000000000000185e+00,5.000000000000000000e-01,4.000000000000000222e-01,1.000000000000000000e+02,8.670424747467041016e+01,2.996210000000000019e-03,6.671879999999999825e-03,3.695570000000000105e-02,0.000000000000000000e+00
7.333000000000000185e+00,5.000000000000000000e-01,4.000000000000000222e-01,2.000000000000000000e+02,8.956010341644287109e+01,1.654110000000000085e-03,7.348949999999999927e-03,1.916810000000000042e-02,0.000000000000000000e+00
7.333000000000000185e+00,5.000000000000000000e-01,4.000000000000000222e-01,3.000000000000000000e+02,9.039848899841308594e+01,1.229110000000000055e-03,5.141810000000000130e-03,1.076850000000000029e-02,0.000000000000000000e+00
7.333000000000000185e+00,5.000000000000000000e-01,4.000000000000000222e-01,4.000000000000000000e+02,9.057230472564697266e+01,1.116969999999999899e-03,3.623130000000000014e-03,7.655030000000000168e-03,0.000000000000000000e+00
7.333000000000000185e+00,5.000000000000000000e-01,4.000000000000000222e-01,5.000000000000000000e+02,9.093708801269531250e+01,9.467650000000000197e-04,2.941590000000000003e-03,8.918169999999999570e-03,0.000000000000000000e+00
7.333000000000000185e+00,5.000000000000000000e-01,4.000000000000000222e-01,6.000000000000000000e+02,9.157962226867675781e+01,7.319120000000000357e-04,2.667689999999999905e-03,2.634919999999999797e-03,0.000000000000000000e+00
7.333000000000000185e+00,6.999999999999999556e-01,4.000000000000000222e-01,7.000000000000000000e+02,9.278249931335449219e+01,8.611289999999999743e-04,4.749470000000000428e-03,3.220610000000000053e-03,0.000000000000000000e+00
7.333000000000000185e+00,5.000000000000000000e-01,6.999999999999999556e-01,8.000000000000000000e+02,9.293540954589843750e+01,2.712370000000000189e-04,1.838519999999999955e-03,1.341820000000000079e-03,0.000000000000000000e+00
7.333000000000000185e+00,5.000000000000000000e-01,4.000000000000000222e-01,8.830000000000000000e+02,9.303916168212890625e+01,1.831649999999999988e-04,9.942309999999999343e-04,1.085210000000000081e-03,-8.830000000000000000e+02
7.333000000000000185e+00,5.000000000000000000e-01,4.000000000000000222e-01,1.000000000000000000e+02,8.670424747467041016e+01,2.996210000000000019e-03,6.671879999999999825e-03,3.695570000000000105e-02,0.000000000000000000e+00
7.333000000000000185e+00,5.000000000000000000e-01,6.999999999999999556e-01,2.000000000000000000e+02,8.956024932861328125e+01,1.654510000000000095e-03,7.350980000000000014e-03,2.095320000000000168e-02,0.000000000000000000e+00
7.333000000000000185e+00,5.000000000000000000e-01,6.999999999999999556e-01,3.000000000000000000e+02,9.039856624603271484e+01,1.228300000000000095e-03,5.138379999999999684e-03,9.585760000000000461e-03,0.000000000000000000e+00
7.333000000000000185e+00,5.000000000000000000e-01,4.000000000000000222e-01,4.000000000000000000e+02,9.057248783111572266e+01,1.117189999999999893e-03,3.624169999999999909e-03,5.488149999999999799e-03,0.000000000000000000e+00
7.333000000000000185e+00,5.000000000000000000e-01,4.000000000000000222e-01,5.000000000000000000e+02,9.093747138977050781e+01,9.446360000000000000e-04,2.935720000000000170e-03,4.836090000000000354e-03,0.000000000000000000e+00
7.333000000000000185e+00,6.999999999999999556e-01,6.999999999999999556e-01,6.000000000000000000e+02,9.226352405548095703e+01,1.294159999999999928e-03,5.904399999999999753e-03,2.505970000000000159e-03,0.000000000000000000e+00
7.333000000000000185e+00,5.000000000000000000e-01,4.000000000000000222e-01,7.000000000000000000e+02,9.270855903625488281e+01,4.995769999999999638e-04,3.235720000000000089e-03,2.631160000000000009e-03,0.000000000000000000e+00
7.333000000000000185e+00,5.000000000000000000e-01,4.000000000000000222e-01,8.000000000000000000e+02,9.288458061218261719e+01,3.953110000000000239e-04,2.665690000000000073e-03,1.595089999999999963e-03,0.000000000000000000e+00
7.333000000000000185e+00,6.999999999999999556e-01,4.000000000000000222e-01,9.000000000000000000e+02,9.317522048950195312e+01,4.520419999999999929e-04,2.287949999999999966e-03,1.826719999999999993e-03,0.000000000000000000e+00
7.333000000000000185e+00,5.000000000000000000e-01,4.000000000000000222e-01,9.120000000000000000e+02,9.318552589416503906e+01,1.917509999999999874e-04,9.994069999999998996e-04,1.722140000000000042e-03,-9.120000000000000000e+02
7.333000000000000185e+00,5.000000000000000000e-01,4.000000000000000222e-01,1.000000000000000000e+02,8.670424747467041016e+01,2.996210000000000019e-03,6.671879999999999825e-03,3.695570000000000105e-02,0.000000000000000000e+00
7.333000000000000185e+00,5.000000000000000000e-01,4.000000000000000222e-01,2.000000000000000000e+02,8.956010341644287109e+01,1.654110000000000085e-03,7.348949999999999927e-03,1.916810000000000042e-02,0.000000000000000000e+00
7.333000000000000185e+00,5.000000000000000000e-01,4.000000000000000222e-01,3.000000000000000000e+02,9.039848899841308594e+01,1.229110000000000055e-03,5.141810000000000130e-03,1.076850000000000029e-02,0.000000000000000000e+00
7.333000000000000185e+00,5.000000000000000000e-01,4.000000000000000222e-01,4.000000000000000000e+02,9.057230472564697266e+01,1.116969999999999899e-03,3.623130000000000014e-03,7.655030000000000168e-03,0.000000000000000000e+00
7.333000000000000185e+00,6.999999999999999556e-01,4.000000000000000222e-01,5.000000000000000000e+02,9.166488361358642578e+01,1.592450000000000029e-03,7.237829999999999785e-03,4.711710000000000030e-03,0.000000000000000000e+00
7.333000000000000185e+00,6.999999999999999556e-01,6.999999999999999556e-01,6.000000000000000000e+02,9.254935169219970703e+01,1.462580000000000000e-03,8.795340000000000449e-03,3.743880000000000211e-03,0.000000000000000000e+00
7.333000000000000185e+00,5.000000000000000000e-01,4.000000000000000222e-01,7.000000000000000000e+02,9.270656204223632812e+01,6.291979999999999752e-04,3.046469999999999907e-03,3.173299999999999992e-03,0.000000000000000000e+00
7.333000000000000185e+00,5.000000000000000000e-01,4.000000000000000222e-01,8.000000000000000000e+02,9.284917831420898438e+01,4.288380000000000165e-04,1.711229999999999999e-03,2.219179999999999851e-03,0.000000000000000000e+00
7.333000000000000185e+00,5.000000000000000000e-01,4.000000000000000222e-01,8.670000000000000000e+02,9.301962089538574219e+01,2.633700000000000212e-04,9.755700000000000396e-04,2.013560000000000176e-03,-8.670000000000000000e+02
7.333000000000000185e+00,5.000000000000000000e-01,4.000000000000000222e-01,1.000000000000000000e+02,8.670424747467041016e+01,2.996210000000000019e-03,6.671879999999999825e-03,3.695570000000000105e-02,0.000000000000000000e+00
7.333000000000000185e+00,5.000000000000000000e-01,4.000000000000000222e-01,2.000000000000000000e+02,8.956010341644287109e+01,1.654110000000000085e-03,7.348949999999999927e-03,1.916810000000000042e-02,0.000000000000000000e+00
7.333000000000000185e+00,5.000000000000000000e-01,6.999999999999999556e-01,3.000000000000000000e+02,9.039823722839355469e+01,1.229290000000000070e-03,5.144720000000000196e-03,9.310090000000000032e-03,0.000000000000000000e+00
7.333000000000000185e+00,5.281279087066650391e-01,4.000000000000000222e-01,4.000000000000000000e+02,9.060621356964111328e+01,1.226840000000000092e-03,3.952169999999999642e-03,8.559680000000000066e-03,0.000000000000000000e+00
7.333000000000000185e+00,6.999999999999999556e-01,6.999999999999999556e-01,5.000000000000000000e+02,9.171885967254638672e+01,1.552970000000000088e-03,7.216219999999999753e-03,3.016920000000000192e-03,0.000000000000000000e+00
7.333000000000000185e+00,5.000000000000000000e-01,6.999999999999999556e-01,6.000000000000000000e+02,9.226789569854736328e+01,6.934040000000000039e-04,4.000179999999999882e-03,1.996990000000000137e-03,0.000000000000000000e+00
7.333000000000000185e+00,5.000000000000000000e-01,4.000000000000000222e-01,7.000000000000000000e+02,9.273411369323730469e+01,6.242860000000000466e-04,4.027199999999999877e-03,3.216880000000000087e-03,0.000000000000000000e+00
7.333000000000000185e+00,5.000000000000000000e-01,4.000000000000000222e-01,8.000000000000000000e+02,9.281704330444335938e+01,4.883609999999999817e-04,3.059779999999999792e-03,2.383769999999999899e-03,0.000000000000000000e+00
7.333000000000000185e+00,5.000000000000000000e-01,6.999999999999999556e-01,9.000000000000000000e+02,9.295452117919921875e+01,2.933289999999999964e-04,1.871849999999999990e-03,1.872830000000000024e-03,0.000000000000000000e+00
7.333000000000000185e+00,6.215249896049499512e-01,6.999999999999999556e-01,1.000000000000000000e+03,9.320928382873535156e+01,3.744719999999999885e-04,2.841250000000000026e-03,2.007210000000000157e-03,0.000000000000000000e+00
7.333000000000000185e+00,5.000000000000000000e-01,6.999999999999999556e-01,1.100000000000000000e+03,9.319543361663818359e+01,1.671820000000000131e-04,1.379749999999999900e-03,1.284640000000000087e-03,0.000000000000000000e+00
7.333000000000000185e+00,6.999999999999999556e-01,4.000000000000000222e-01,1.200000000000000000e+03,9.323418903350830078e+01,1.411200000000000041e-04,1.032399999999999941e-03,1.463820000000000008e-03,0.000000000000000000e+00
7.333000000000000185e+00,5.000000000000000000e-01,6.999999999999999556e-01,1.202000000000000000e+03,9.323377990722656250e+01,6.229539999999999991e-05,5.375650000000000480e-04,6.354580000000000298e-03,-1.202000000000000000e+03
7.333000000000000185e+00,5.000000000000000000e-01,4.000000000000000222e-01,1.000000000000000000e+02,8.670424747467041016e+01,2.996210000000000019e-03,6.671879999999999825e-03,3.695570000000000105e-02,0.000000000000000000e+00
7.333000000000000185e+00,5.000000000000000000e-01,4.000000000000000222e-01,2.000000000000000000e+02,8.956010341644287109e+01,1.654110000000000085e-03,7.348949999999999927e-03,1.916810000000000042e-02,0.000000000000000000e+00
7.333000000000000185e+00,6.999999999999999556e-01,4.000000000000000222e-01,3.000000000000000000e+02,9.083034896850585938e+01,2.280429999999999957e-03,7.968529999999999711e-03,1.600810000000000080e-02,0.000000000000000000e+00
7.333000000000000185e+00,6.999999999999999556e-01,6.999999999999999556e-01,4.000000000000000000e+02,9.179094600677490234e+01,1.488900000000000032e-03,7.829749999999999904e-03,3.855879999999999898e-03,0.000000000000000000e+00
7.333000000000000185e+00,5.000000000000000000e-01,4.000000000000000222e-01,5.000000000000000000e+02,9.229766178131103516e+01,6.664340000000000368e-04,4.233040000000000413e-03,3.581710000000000102e-03,0.000000000000000000e+00
7.333000000000000185e+00,6.999999999999999556e-01,4.000000000000000222e-01,6.000000000000000000e+02,9.286839294433593750e+01,1.442139999999999958e-03,7.697329999999999624e-03,5.171929999999999930e-03,0.000000000000000000e+00
7.333000000000000185e+00,5.000000000000000000e-01,6.854168772697448730e-01,7.000000000000000000e+02,9.297617912292480469e+01,5.215629999999999529e-04,2.966149999999999863e-03,2.438459999999999933e-03,0.000000000000000000e+00
7.333000000000000185e+00,6.999999999999999556e-01,4.000000000000000222e-01,8.000000000000000000e+02,9.318099975585937500e+01,5.221909999999999746e-04,3.534119999999999970e-03,2.676979999999999811e-03,0.000000000000000000e+00
7.333000000000000185e+00,6.999999999999999556e-01,4.000000000000000222e-01,9.000000000000000000e+02,9.326108837127685547e+01,2.432479999999999994e-04,1.523929999999999946e-03,1.610630000000000048e-03,0.000000000000000000e+00
7.333000000000000185e+00,5.000000000000000000e-01,5.430445075035095215e-01,9.020000000000000000e+02,9.326064491271972656e+01,1.026990000000000005e-04,7.215019999999999507e-04,7.827149999999999733e-03,-9.020000000000000000e+02
7.333000000000000185e+00,6.999999999999999556e-01,6.780643463134765625e-01,1.000000000000000000e+02,9.047171974182128906e+01,3.697869999999999803e-03,1.717060000000000114e-02,1.911310000000000092e-02,0.000000000000000000e+00
7.333000000000000185e+00,5.000000000000000000e-01,6.999999999999999556e-01,2.000000000000000000e+02,9.097432422637939453e+01,1.218469999999999926e-03,5.070579999999999879e-03,5.507579999999999767e-03,0.000000000000000000e+00
7.333000000000000185e+00,5.000000000000000000e-01,4.000000000000000222e-01,3.000000000000000000e+02,9.100550079345703125e+01,1.122659999999999934e-03,3.539619999999999832e-03,8.107210000000000111e-03,0.000000000000000000e+00
7.333000000000000185e+00,5.000000000000000000e-01,4.000000000000000222e-01,4.000000000000000000e+02,9.142100429534912109e+01,8.940270000000000378e-04,2.905640000000000132e-03,3.398710000000000099e-03,0.000000000000000000e+00
7.333000000000000185e+00,6.999999999999999556e-01,5.233291387557983398e-01,5.000000000000000000e+02,9.270917987823486328e+01,1.037299999999999897e-03,4.340570000000000192e-03,2.788670000000000038e-03,0.000000000000000000e+00
7.333000000000000185e+00,6.999999999999999556e-01,6.999999999999999556e-01,6.000000000000000000e+02,9.305267429351806641e+01,4.438949999999999775e-04,2.241410000000000104e-03,2.095660000000000057e-03,0.000000000000000000e+00
7.333000000000000185e+00,6.999999999999999556e-01,6.999999999999999556e-01,6.570000000000000000e+02,9.319127082824707031e+01,2.360100000000000121e-04,9.967380000000000510e-04,1.819150000000000064e-03,-6.570000000000000000e+02
7.333000000000000185e+00,5.166395306587219238e-01,4.000000000000000222e-01,1.000000000000000000e+02,8.696922969818115234e+01,3.070540000000000075e-03,7.022109999999999810e-03,4.653670000000000029e-02,0.000000000000000000e+00
7.333000000000000185e+00,6.999999999999999556e-01,6.999999999999999556e-01,2.000000000000000000e+02,9.071497821807861328e+01,2.455010000000000091e-03,1.018050000000000031e-02,1.592510000000000106e-02,0.000000000000000000e+00
7.333000000000000185e+00,5.000000000000000000e-01,6.999999999999999556e-01,3.000000000000000000e+02,9.098674106597900391e+01,1.023349999999999911e-03,3.630800000000000000e-03,4.350530000000000022e-03,0.000000000000000000e+00
7.333000000000000185e+00,5.000000000000000000e-01,4.000000000000000222e-01,4.000000000000000000e+02,9.125462436676025391e+01,9.462200000000000038e-04,3.014419999999999860e-03,7.831450000000000217e-03,0.000000000000000000e+00
7.333000000000000185e+00,6.999999999999999556e-01,4.000000000000000222e-01,5.000000000000000000e+02,9.245995044708251953e+01,1.238329999999999943e-03,5.864470000000000099e-03,3.978520000000000147e-03,0.000000000000000000e+00
7.333000000000000185e+00,6.999999999999999556e-01,4.000000000000000222e-01,6.000000000000000000e+02,9.290048503875732422e+01,7.986160000000000394e-04,4.115399999999999961e-03,3.278350000000000188e-03,0.000000000000000000e+00
7.333000000000000185e+00,5.452283024787902832e-01,4.000000000000000222e-01,7.000000000000000000e+02,9.306090831756591797e+01,3.056749999999999897e-04,1.723109999999999919e-03,1.998400000000000003e-03,0.000000000000000000e+00
7.333000000000000185e+00,5.000000000000000000e-01,4.000000000000000222e-01,7.350000000000000000e+02,9.312309551239013672e+01,1.949630000000000102e-04,9.977700000000000371e-04,1.704819999999999903e-03,-7.350000000000000000e+02
7.333000000000000185e+00,5.000000000000000000e-01,4.000000000000000222e-01,1.000000000000000000e+02,8.670424747467041016e+01,2.996210000000000019e-03,6.671879999999999825e-03,3.695570000000000105e-02,0.000000000000000000e+00
7.333000000000000185e+00,5.000000000000000000e-01,4.000000000000000222e-01,2.000000000000000000e+02,8.956010341644287109e+01,1.654110000000000085e-03,7.348949999999999927e-03,1.916810000000000042e-02,0.000000000000000000e+00
7.333000000000000185e+00,5.000000000000000000e-01,4.000000000000000222e-01,3.000000000000000000e+02,9.039848899841308594e+01,1.229110000000000055e-03,5.141810000000000130e-03,1.076850000000000029e-02,0.000000000000000000e+00
7.333000000000000185e+00,6.110417842864990234e-01,4.000000000000000222e-01,4.000000000000000000e+02,9.077247619628906250e+01,1.568219999999999944e-03,5.225149999999999587e-03,7.713489999999999930e-03,0.000000000000000000e+00
7.333000000000000185e+00,6.999999999999999556e-01,4.000000000000000222e-01,5.000000000000000000e+02,9.191090583801269531e+01,1.455420000000000021e-03,7.371850000000000104e-03,4.751459999999999885e-03,0.000000000000000000e+00
7.333000000000000185e+00,5.000000000000000000e-01,6.999999999999999556e-01,6.000000000000000000e+02,9.243922233581542969e+01,6.903900000000000358e-04,4.578519999999999986e-03,2.398840000000000174e-03,0.000000000000000000e+00
